COD_PROD_06_x,Constante
[[0.78131079]],[2674.94027207]
