COD_PROD_04,COD_PROD_05,COD_PROD_06,Constante
[1.00466919 1.00527598 0.99862544],5437.317986735376
