Valor nulo,COD_PROD_06_x,COD_PROD_06_x^2,Constante
[0.00000000e+00 9.90996064e-01 1.89512543e-09],4919.669604384888
